sound.alt_hanging_sign.break,
sound.alt_hanging_sign.fall,
sound.alt_hanging_sign.hit,
sound.alt_hanging_sign.place,
sound.alt_hanging_sign.step,
sound.alt_hanging_sign2.break,
sound.alt_hanging_sign2.fall,
sound.alt_hanging_sign2.hit,
sound.alt_hanging_sign2.place,
sound.alt_hanging_sign2.step,
sound.altglasswood1.break,
sound.altglasswood1.fall,
sound.altglasswood1.hit,
sound.altglasswood1.place,
sound.altglasswood1.step,
sound.altglasswood2.break,
sound.altglasswood2.fall,
sound.altglasswood2.hit,
sound.altglasswood2.place,
sound.altglasswood2.step,
sound.altwood1.break,
sound.altwood1.fall,
sound.altwood1.hit,
sound.altwood1.place,
sound.altwood1.step,
sound.altwood2.break,
sound.altwood2.fall,
sound.altwood2.hit,
sound.altwood2.place,
sound.altwood2.step,
sound.arid_sand.break,
sound.arid_sand.fall,
sound.arid_sand.hit,
sound.arid_sand.place,
sound.arid_sand.step,
sound.bamboo_hanging_sign.break,
sound.bamboo_hanging_sign.fall,
sound.bamboo_hanging_sign.hit,
sound.bamboo_hanging_sign.place,
sound.bamboo_hanging_sign.step,
sound.bambooglasswood.break,
sound.bambooglasswood.fall,
sound.bambooglasswood.hit,
sound.bambooglasswood.place,
sound.bambooglasswood.step,
sound.bamboowood.break,
sound.bamboowood.fall,
sound.bamboowood.hit,
sound.bamboowood.place,
sound.bamboowood.step,
sound.blackstone.break,
sound.blackstone.fall,
sound.blackstone.hit,
sound.blackstone.place,
sound.blackstone.step,
sound.bone_brick.break,
sound.bone_brick.fall,
sound.bone_brick.hit,
sound.bone_brick.place,
sound.bone_brick.step,
sound.book.break,
sound.book.fall,
sound.book.hit,
sound.book.place,
sound.book.step,
sound.bookshelf.break,
sound.bookshelf.fall,
sound.bookshelf.hit,
sound.bookshelf.place,
sound.bookshelf.step,
sound.brick_variant.break,
sound.brick_variant.fall,
sound.brick_variant.hit,
sound.brick_variant.place,
sound.brick_variant.step,
sound.clothwood.break,
sound.clothwood.fall,
sound.clothwood.hit,
sound.clothwood.place,
sound.clothwood.step,
sound.cobweb.break,
sound.cobweb.fall,
sound.cobweb.hit,
sound.cobweb.place,
sound.cobweb.step,
sound.forge.break,
sound.forge.fall,
sound.forge.hit,
sound.forge.place,
sound.forge.step,
sound.glasswood.break,
sound.glasswood.fall,
sound.glasswood.hit,
sound.glasswood.place,
sound.glasswood.step,
sound.glowstone.break,
sound.glowstone.place,
sound.grass_block.break,
sound.grass_block.fall,
sound.grass_block.hit,
sound.grass_block.place,
sound.grass_block.step,
sound.gravel.break,
sound.gravel.fall,
sound.gravel.hit,
sound.gravel.place,
sound.gravel.step,
sound.hanging_sign.break,
sound.hanging_sign.fall,
sound.hanging_sign.hit,
sound.hanging_sign.place,
sound.hanging_sign.step,
sound.iron.break,
sound.iron.fall,
sound.iron.hit,
sound.iron.place,
sound.iron.step,
sound.monkey_brush.break,
sound.monkey_brush.fall,
sound.monkey_brush.hit,
sound.monkey_brush.place,
sound.monkey_brush.step,
sound.nether_hanging_sign.break,
sound.nether_hanging_sign.fall,
sound.nether_hanging_sign.hit,
sound.nether_hanging_sign.place,
sound.nether_hanging_sign.step,
sound.netherglasswood.break,
sound.netherglasswood.fall,
sound.netherglasswood.hit,
sound.netherglasswood.place,
sound.netherglasswood.step,
sound.netherwood.break,
sound.netherwood.fall,
sound.netherwood.hit,
sound.netherwood.place,
sound.netherwood.step,
sound.obsidian.break,
sound.obsidian.fall,
sound.obsidian.hit,
sound.obsidian.place,
sound.obsidian.step,
sound.pot.break,
sound.pot.fall,
sound.pot.hit,
sound.pot.place,
sound.pot.step,
sound.prismarine.break,
sound.prismarine.fall,
sound.prismarine.hit,
sound.prismarine.place,
sound.prismarine.step,
sound.rubber.break,
sound.rubber.fall,
sound.rubber.hit,
sound.rubber.place,
sound.rubber.step,
sound.sandstone.break,
sound.sandstone.fall,
sound.sandstone.hit,
sound.sandstone.place,
sound.sandstone.step,
sound.small.break,
sound.small.place,
sound.soul_sandstone.break,
sound.soul_sandstone.fall,
sound.soul_sandstone.hit,
sound.soul_sandstone.place,
sound.soul_sandstone.step,
sound.sponge.break,
sound.sponge.fall,
sound.sponge.hit,
sound.sponge.place,
sound.sponge.step,
sound.squishy.break,
sound.squishy.fall,
sound.squishy.hit,
sound.squishy.place,
sound.squishy.step,
sound.stickywood.break,
sound.stickywood.fall,
sound.stickywood.hit,
sound.stickywood.place,
sound.stickywood.step,
sound.stoneore.break,
sound.stoneore.step,
sound.tnt.break,
sound.tnt.fall,
sound.tnt.hit,
sound.tnt.place,
sound.tnt.step,
sound.wetsponge.break,
sound.wetsponge.fall,
sound.wetsponge.hit,
sound.wetsponge.place,
sound.wetsponge.step,
