block.chorus_plant.break,
block.chorus_plant.place,
block.chorus_plant.hit,
block.chorus_plant.step,
block.chorus_plant.fall,
block.gourd.break,
block.gourd.place,
block.gourd.hit,
block.gourd.step,
block.gourd.fall,
block.ice.break,
block.ice.place,
block.ice.hit,
block.ice.step,
block.ice.fall,
block.purpur.break,
block.purpur.place,
block.purpur.hit,
block.purpur.step,
block.purpur.fall,
block.shulker_box.break,
block.shulker_box.place,
block.shulker_box.hit,
block.shulker_box.step,
block.shulker_box.fall,
block.spawner.break,
